image_filename,pair_id,question_type,question_bn,answer_bn,infographic_type,cross_section,reads_bn,strategy,source_id
PA_0032.png,lookup1,lookup,ব্যাংক খাতে জুনে মোট কর্মী সংখ্যা কত ছিল?,"৩৫,৭৮২ জন",composite,False,"ব্যাংক খাত: জুনে ছিল ৩৫,৭৮২ জন",,
PA_0032.png,lookup2,lookup,২০২৫ সালে মোট কর্মীর মধ্যে পুরুষ কর্মীর শতকরা হার কত?,৮৩.৫%,composite,False,পুরুষ ৮৩.৫%,,
PA_0032.png,multi1,multi_step_lookup,ব্যাংকের ধরন অনুযায়ী নারী কর্মীর সংখ্যার ভিত্তিতে দ্বিতীয় সর্বোচ্চ অবস্থানে কোন ধরনের ব্যাংক আছে?,রাষ্ট্রমালিকানাধীন ব্যাংক,composite,False,"বেসরকারি ব্যাংক ২২,৯৮৩ জন, রাষ্ট্রমালিকানাধীন ব্যাংক ৯,১৪৭ জন, বিশেষায়িত ব্যাংক ১,৯৪৭ জন, বিদেশি ব্যাংক ৯৮৪ জন",filter_rank,
PA_0032.png,multi2,multi_step_lookup,ব্যাংকে কর্মীর স্তরভিত্তিক নারী কর্মীর হারের মধ্যে সর্বনিম্ন হার কোন পর্যায়ে?,উচ্চপর্যায় বা নীতিনির্ধারণী পর্যায়,composite,False,"উচ্চপর্যায় ১০.৩৫%, মধ্যবর্তী পর্যায় ১৬.১৯%, প্রারম্ভিক পর্যায় ১৭.০৭%",filter_rank,
PA_0032.png,reasoning1,reasoning,ব্যাংক খাতে জুন থেকে ডিসেম্বরে কর্মী সংখ্যা শতকরা কত কমেছে?,২.০১%,composite,False,"৩৫,৭৮২ জন (জুন) ও ৩৫,০৬১ জন (ডিসেম্বর), হ্রাস ৭২১ জন, শতকরা হ্রাস = (৭২১÷৩৫,৭৮২)×১০০",,
PA_0032.png,unanswerable1,unanswerable,২০২৫ সালে ব্যাংকে নারী কর্মীদের মধ্যে সর্বাধিক শিক্ষাগত যোগ্যতা কী ছিল?,তথ্য নেই,composite,False,none,,
PA_0032.png,mcq1,mcq,"ব্যাংকের ধরন অনুযায়ী নারী কর্মীর সংখ্যার ভিত্তিতে দ্বিতীয় সর্বোচ্চ অবস্থানে কোন ধরনের ব্যাংক আছে?
ক) বেসরকারি ব্যাংক
খ) রাষ্ট্রমালিকানাধীন ব্যাংক
গ) বিশেষায়িত ব্যাংক
ঘ) বিদেশি ব্যাংক",খ) রাষ্ট্রমালিকানাধীন ব্যাংক,composite,False,"বেসরকারি ব্যাংক ২২,৯৮৩ জন, রাষ্ট্রমালিকানাধীন ব্যাংক ৯,১৪৭ জন, বিশেষায়িত ব্যাংক ১,৯৪৭ জন, বিদেশি ব্যাংক ৯৮৪ জন",filter_rank,multi1
PA_0027.png,L1,lookup,নতুন বিদেশি বিনিয়োগের চার্ট অনুযায়ী ২০২৩-২৪ অর্থবছরে বিনিয়োগের পরিমাণ কত কোটি ডলার?,৬৭ কোটি ডলার,composite,False,"৬৭ কোটি ডলার (নতুন বিদেশি বিনিয়োগ, ২০২৩-২৪), নিকটবর্তী মান ৭১ কোটি ডলার (২০২২-২৩)",,
PA_0027.png,M1,multi_step_lookup,আঞ্চলিক প্রতিযোগিতায় বিনিয়োগের পরিমাণ অনুযায়ী দ্বিতীয় সর্বোচ্চ অবস্থানে কোন দেশ আছে?,ভিয়েতনাম,composite,False,"ভারত ২৭.১৩, ভিয়েতনাম ২০.১৭, পাকিস্তান ২.৬৬, বাংলাদেশ ১.৫৩ বিলিয়ন ডলার (মান অনুযায়ী র‍্যাঙ্কিং)",filter_rank,
PA_0027.png,M2,multi_step_lookup,নতুন বিদেশি বিনিয়োগের চার্টে সর্বনিম্ন বিনিয়োগ কোন অর্থবছরে হয়েছে?,২০২৪-২৫,composite,False,"৭৩, ১১৪, ৭১, ৬৭, ৫৫ কোটি ডলার (বছরভিত্তিক তুলনা, সর্বনিম্ন মান ৫৫)",filter_rank,
PA_0027.png,R1,reasoning,২০২৪-২৫ অর্থবছরে বিনিয়োগ প্রস্তাব নিবন্ধনে দেশি ও বিদেশি বিনিয়োগের সম্মিলিত পরিমাণ কত কোটি টাকা?,"৬৬,০৫৭ কোটি টাকা",composite,False,"৫২,০৩৫ কোটি টাকা (দেশি বিনিয়োগ, ২০২৪-২৫) + ১৪,০২২ কোটি টাকা (বিদেশি বিনিয়োগ, ২০২৪-২৫) = যোগফল",,
PA_0027.png,U1,unanswerable,২০২২-২৩ অর্থবছরে বিদেশি বিনিয়োগ প্রস্তাব নিবন্ধনের পরিমাণ কত কোটি টাকা ছিল?,তথ্য নেই,composite,False,none,,
PA_0027.png,MCQ1,mcq,"আঞ্চলিক প্রতিযোগিতায় বিনিয়োগের পরিমাণ অনুযায়ী দ্বিতীয় সর্বোচ্চ অবস্থানে কোন দেশ আছে?
ক) পাকিস্তান
খ) বাংলাদেশ
গ) ভিয়েতনাম
ঘ) ভারত",গ) ভিয়েতনাম,composite,False,"ভারত ২৭.১৩, ভিয়েতনাম ২০.১৭, পাকিস্তান ২.৬৬, বাংলাদেশ ১.৫৩ বিলিয়ন ডলার (মান অনুযায়ী র‍্যাঙ্কিং)",filter_rank,M1
PA_0030.png,L1,lookup,মার্চ ২০২৩ সালে কোটি টাকার পরিমাণ কত ছিল?,১৯৮৯৯৯ কোটি টাকা,composite,False,মার্চ ২০২৩: কোটি টাকা = ১৯৮৯৯৯,,
PA_0030.png,M1,multi_step_lookup,তিনটি সময়কালের মধ্যে কোন সময়ে কোটি টাকার পরিমাণ সবচেয়ে কম ছিল?,মার্চ ২০২৩,composite,False,"ডিসেম্বর ২০২২=২০১২১১, মার্চ ২০২৩=১৯৮৯৯৯, জুন ২০২৩=২১৩১১২",filter_rank,
PA_0030.png,M2,multi_step_lookup,কোন সময়ে অ্যাকাউন্টের সংখ্যা ও কোটি টাকা দুটোই সর্বোচ্চ ছিল?,জুন ২০২৩,composite,False,"জুন ২০২৩: অ্যাকাউন্ট=১,১৩,০৩২ (সর্বোচ্চ), কোটি টাকা=২১৩১১২ (সর্বোচ্চ)",filter_rank,
PA_0030.png,R1,reasoning,ডিসেম্বর ২০২২ থেকে জুন ২০২৩ পর্যন্ত কোটি টাকার পরিমাণ কত বেড়েছে?,"১১,৯০১ কোটি টাকা",composite,False,"জুন ২০২৩ (২১৩১১২) - ডিসেম্বর ২০২২ (২০১২১১) = ১১,৯০১",,
PA_0030.png,U1,unanswerable,মোট আমানতের পরিমাণ কত টাকা ছিল?,তথ্য নেই,composite,False,none,,
PA_0030.png,MCQ1,mcq,তিনটি সময়কালের মধ্যে কোন সময়ে কোটি টাকার পরিমাণ সবচেয়ে কম ছিল?,"খ) মার্চ ২০২৩
ক) ডিসেম্বর ২০২২
গ) জুন ২০২৩
ঘ) সবগুলো সমান",composite,False,"ডিসেম্বর ২০২২=২০১২১১, মার্চ ২০২৩=১৯৮৯৯৯, জুন ২০২৩=২১৩১১২",filter_rank,M1
PA_0013.png,q1,lookup,বাংলাদেশের জনসংখ্যা কত কোটি?,১৭ কোটি,table,False,বাংলাদেশ: ১৭ কোটি,,
PA_0013.png,q2,multi_step_lookup,জনসংখ্যা ১০ কোটির কম এমন দেশগুলোর মধ্যে ফিফা র‍্যাঙ্কিং সবচেয়ে ভালো (সংখ্যায় সবচেয়ে কম) কোন দেশের?,থাইল্যান্ড,table,False,"থাইল্যান্ড: ৭.১৬ কোটি, র‍্যাঙ্কিং ৯৫; তানজানিয়া: ৭ কোটি, র‍্যাঙ্কিং ১১২; কেনিয়া: ৫.৭ কোটি, র‍্যাঙ্কিং ১১৩; মিয়ানমার: ৫.৫ কোটি, র‍্যাঙ্কিং ১৬৩",filter_rank,
PA_0013.png,q3,multi_step_lookup,তালিকার ৮ম সারিতে থাকা দেশের ফিফা র‍্যাঙ্কিং কত?,১১২,table,False,"৮ম সারি: তানজানিয়া, ফিফা র‍্যাঙ্কিং ১১২",layout_position,
PA_0013.png,q4,reasoning,ভারত ও পাকিস্তানের জনসংখ্যার মধ্যে পার্থক্য কত কোটি?,১২০.৫ কোটি,table,False,"ভারত: ১৪৬ কোটি, পাকিস্তান: ২৫.৫ কোটি, বিয়োগ = ১২০.৫ কোটি",,
PA_0013.png,q5,unanswerable,এই দেশগুলোর মধ্যে কোন দেশ সবচেয়ে বেশি ফিফা বিশ্বকাপ বাছাইপর্বে খেলেছে?,তথ্য নেই,table,False,none,,
PA_0013.png,q6,mcq,"জনসংখ্যা ১০ কোটির কম এমন দেশগুলোর মধ্যে ফিফা র‍্যাঙ্কিং সবচেয়ে ভালো (সংখ্যায় সবচেয়ে কম) কোন দেশের?
ক) তানজানিয়া
খ) থাইল্যান্ড
গ) কেনিয়া
ঘ) মিয়ানমার",খ) থাইল্যান্ড,table,False,"থাইল্যান্ড: ৭.১৬ কোটি, র‍্যাঙ্কিং ৯৫; তানজানিয়া: ৭ কোটি, র‍্যাঙ্কিং ১১২; কেনিয়া: ৫.৭ কোটি, র‍্যাঙ্কিং ১১৩; মিয়ানমার: ৫.৫ কোটি, র‍্যাঙ্কিং ১৬৩",filter_rank,q2
PA_0006.png,lookup1,lookup,সিকদার গ্রুপের ঋণের পরিমাণ কত কোটি টাকা?,"১০,২৩৩ কোটি টাকা",table,False,"সিকদার গ্রুপ: ১০,২৩৩ কোটি টাকা",,
PA_0006.png,multi1,multi_step_lookup,কোন শিল্পগোষ্ঠীর এনডিএ চুক্তির সংখ্যা সবচেয়ে কম?,ওরিয়ন গ্রুপ,table,False,"এস আলম ৩, বেক্সিমকো ৯, আরামিট ৬, সিকদার ৯, ওরিয়ন ১, নাসা ৮ — সর্বনিম্ন ওরিয়ন গ্রুপ (১টি)",filter_rank,
PA_0006.png,multi2,multi_step_lookup,৯টি এনডিএ চুক্তি করা গ্রুপগুলোর মধ্যে কোন গ্রুপের ঋণের পরিমাণ বেশি?,বেক্সিমকো গ্রুপ,table,False,"বেক্সিমকো (৯ চুক্তি, ৫৩,০৮২ কোটি টাকা) বনাম সিকদার (৯ চুক্তি, ১০,২৩৩ কোটি টাকা) — বেক্সিমকো বেশি",filter_rank,
PA_0006.png,mcq1,mcq,"কোন শিল্পগোষ্ঠীর এনডিএ চুক্তির সংখ্যা সবচেয়ে কম?
ক) নাসা গ্রুপ
খ) ওরিয়ন গ্রুপ
গ) এস আলম গ্রুপ
ঘ) আরামিট গ্রুপ",খ) ওরিয়ন গ্রুপ,table,False,"এস আলম ৩, বেক্সিমকো ৯, আরামিট ৬, সিকদার ৯, ওরিয়ন ১, নাসা ৮ — সর্বনিম্ন ওরিয়ন গ্রুপ (১টি)",filter_rank,multi1
PA_0006.png,reasoning1,reasoning,মোট ঋণের মধ্যে এস আলম গ্রুপের অংশ কত শতাংশ?,প্রায় ৬৯.৩%,table,False,"এস আলম গ্রুপের ঋণ ২,২৫,০০০ কোটি টাকা ÷ মোট ঋণ ৩,২৪,৫০১ কোটি টাকা × ১০০",,
PA_0006.png,unans1,unanswerable,বেক্সিমকো গ্রুপের এনডিএ চুক্তি কোন দেশের প্রতিষ্ঠানের সঙ্গে হয়েছে?,তথ্য নেই,table,False,none,,
PA_0004.png,q1,lookup,হা-মীম গ্রুপের রপ্তানি পরিমাণ কত কোটি ডলার?,৬৫ কোটি ডলার,horizontal_bar_chart,False,হা-মীম গ্রুপ = ৬৫,,
PA_0004.png,q2,multi_step_lookup,রপ্তানির পরিমাণ অনুযায়ী শীর্ষ তিন শিল্পগোষ্ঠীর মধ্যে তৃতীয় স্থানে কোন শিল্পগোষ্ঠী?,মঙ্গল গ্রুপ,horizontal_bar_chart,False,"ইয়াংওয়ান করপোরেশন = ৯৭, হা-মীম গ্রুপ = ৬৫, মঙ্গল গ্রুপ = ৫৬",filter_rank,
PA_0004.png,q3,multi_step_lookup,৪১ কোটি ডলার রপ্তানি করা দুটি শিল্পগোষ্ঠীর মধ্যে কোনটি তালিকায় উপরে অবস্থিত?,পলমল গ্রুপ,horizontal_bar_chart,False,"পলমল গ্রুপ = ৪১ (৮ম স্থান), প্যাসিফিক গ্রুপ = ৪১ (৯ম স্থান)",layout_position,
PA_0004.png,q4,reasoning,ইয়াংওয়ান করপোরেশন ও হা-মীম গ্রুপের রপ্তানির মধ্যে পার্থক্য কত কোটি ডলার?,৩২ কোটি ডলার,horizontal_bar_chart,False,৯৭ (ইয়াংওয়ান করপোরেশন) - ৬৫ (হা-মীম গ্রুপ) = ৩২,,
PA_0004.png,q5,unanswerable,২০২৩-২৪ অর্থবছরে হা-মীম গ্রুপের রপ্তানি পরিমাণ কত ছিল?,তথ্য নেই,horizontal_bar_chart,False,none,,
PA_0004.png,q2_mcq,mcq,"রপ্তানির পরিমাণ অনুযায়ী শীর্ষ তিন শিল্পগোষ্ঠীর মধ্যে তৃতীয় স্থানে কোন শিল্পগোষ্ঠী?
ক) ডিবিএল গ্রুপ
খ) মঙ্গল গ্রুপ
গ) হা-মীম গ্রুপ
ঘ) অনন্ত গ্রুপ",খ) মঙ্গল গ্রুপ,horizontal_bar_chart,False,"ইয়াংওয়ান করপোরেশন = ৯৭, হা-মীম গ্রুপ = ৬৫, মঙ্গল গ্রুপ = ৫৬",filter_rank,q2
PA_0018.png,lk1,lookup,মোস্তাফিজুর রহমানের উইকেট সংখ্যা কত?,৪১৬,table,False,মোস্তাফিজুর রহমান উইকেট: ৪১৬,,
PA_0018.png,mlr1,multi_step_lookup,"যাদের ইকোনমি ৭.৫ এর বেশি, তাদের মধ্যে সর্বোচ্চ উইকেট সংখ্যা কার?",ওয়াহাব রিয়াজ,table,False,ওয়াহাব রিয়াজ ইকোনমি ৭.৫৪ উইকেট ৪১৩; ট্রেন্ট বোল্ট ইকোনমি ৭.৯৪ উইকেট ৩৭১,filter_rank,
PA_0018.png,mlr2,multi_step_lookup,উইকেট তালিকায় দ্বিতীয় স্থানে থাকা বোলারের ম্যাচ সংখ্যা কত?,৩৫৬,table,False,দ্বিতীয় সারি - মোহাম্মদ আমির ম্যাচ: ৩৫৬,layout_position,
PA_0018.png,rs1,reasoning,মোস্তাফিজুর রহমান ও ট্রেন্ট বোল্টের উইকেট সংখ্যার পার্থক্য কত?,৪৫,table,False,"মোস্তাফিজুর রহমান উইকেট ৪১৬, ট্রেন্ট বোল্ট উইকেট ৩৭১; ৪১৬-৩৭১=৪৫",,
PA_0018.png,ua1,unanswerable,মোস্তাফিজুর রহমানের বোলিং গড় কত?,তথ্য নেই,table,False,none,,
PA_0018.png,mcq1,mcq,"যাদের ইকোনমি ৭.৫ এর বেশি, তাদের মধ্যে সর্বোচ্চ উইকেট সংখ্যা কার?
ক) মোহাম্মদ আমির
খ) ওয়াহাব রিয়াজ
গ) সোহেল তানভীর
ঘ) ট্রেন্ট বোল্ট",খ) ওয়াহাব রিয়াজ,table,False,ওয়াহাব রিয়াজ ইকোনমি ৭.৫৪ উইকেট ৪১৩; ট্রেন্ট বোল্ট ইকোনমি ৭.৯৪ উইকেট ৩৭১,filter_rank,mlr1
PA_0039.png,q1,lookup,বেলারুশে রাশিয়ার গ্যাস রপ্তানির পরিমাণ কত?,১৮.৮ বিলিয়ন কিউবিক মিটার,horizontal_bar_chart,False,বেলারুশ = ১৮.৮ বিলিয়ন কিউবিক মিটার,,
PA_0039.png,q2,multi_step_lookup,তালিকায় প্রদর্শিত দেশগুলোর মধ্যে গ্যাস রপ্তানির পরিমাণে তৃতীয় সর্বোচ্চ দেশ কোনটি?,বেলারুশ,horizontal_bar_chart,False,"জার্মানি = ৪২.৬, ইতালি = ২৯.২, বেলারুশ = ১৮.৮",filter_rank,
PA_0039.png,q3,multi_step_lookup,১৫ বিলিয়ন কিউবিক মিটারের বেশি গ্যাস রপ্তানি পাওয়া দেশগুলোর মধ্যে সর্বনিম্ন রপ্তানির দেশ কোনটি?,নেদারল্যান্ডস,horizontal_bar_chart,False,"জার্মানি = ৪২.৬, ইতালি = ২৯.২, বেলারুশ = ১৮.৮, তুরস্ক = ১৬.২, নেদারল্যান্ডস = ১৫.৭",filter_rank,
PA_0039.png,q4,reasoning,জার্মানি ও ইতালিতে রাশিয়ার মোট গ্যাস রপ্তানির পরিমাণ কত?,৭১.৮ বিলিয়ন কিউবিক মিটার,horizontal_bar_chart,False,"জার্মানি = ৪২.৬, ইতালি = ২৯.২, যোগফল = ৭১.৮",,
PA_0039.png,q5,unanswerable,২০২১ সালে রাশিয়ার গ্যাস রপ্তানির পরিমাণ কত ছিল?,তথ্য নেই,horizontal_bar_chart,False,none,,
PA_0039.png,q6,mcq,"তালিকায় প্রদর্শিত দেশগুলোর মধ্যে গ্যাস রপ্তানির পরিমাণে তৃতীয় সর্বোচ্চ দেশ কোনটি?
ক) তুরস্ক
খ) বেলারুশ
গ) ইতালি
ঘ) নেদারল্যান্ডস",খ) বেলারুশ,horizontal_bar_chart,False,"জার্মানি = ৪২.৬, ইতালি = ২৯.২, বেলারুশ = ১৮.৮",filter_rank,q2
PA_0025.png,lookup1,lookup,২০২২-২৩ অর্থবছরে নতুন বিদেশি বিনিয়োগ কত কোটি ডলার ছিল?,৭১ কোটি ডলার,composite,False,২০২২-২৩: ৭১ কোটি ডলার,,
PA_0025.png,filter1,multi_step_lookup,২০২০-২১ থেকে ২০২৩-২৪ সময়ের মধ্যে সবচেয়ে কম নতুন বিদেশি বিনিয়োগ কোন বছরে হয়েছিল?,২০২৩-২৪,composite,False,"২০২০-২১: ৭৩, ২০২১-২২: ১১৪, ২০২২-২৩: ৭১, ২০২৩-২৪: ৬৭ কোটি ডলার",filter_rank,
PA_0025.png,filter2,multi_step_lookup,"আঞ্চলিক প্রতিযোগিতায় যে দেশগুলোর বিনিয়োগ ২ বিলিয়ন ডলারের বেশি, তাদের মধ্যে সর্বনিম্ন বিনিয়োগ কোন দেশের?",পাকিস্তান,composite,False,"ভারত: ২৭.১৩, ভিয়েতনাম: ২০.১৭, পাকিস্তান: ২.৬৬ বিলিয়ন ডলার (২ বিলিয়ন ডলারের বেশি শর্ত পূরণকারী দেশ)",filter_rank,
PA_0025.png,reasoning1,reasoning,২০২৪-২৫ অর্থবছরে দেশি ও বিদেশি বিনিয়োগ প্রস্তাবের নিবন্ধন মিলিয়ে মোট কত কোটি টাকা হয়েছে?,"৬৬,০৫৭ কোটি টাকা",composite,True,"দেশি বিনিয়োগ ২০২৪-২৫: ৫২,০৩৫ কোটি টাকা + বিদেশি বিনিয়োগ ২০২৪-২৫: ১৪,০২২ কোটি টাকা = ৬৬,০৫৭ কোটি টাকা",,
PA_0025.png,unanswerable1,unanswerable,২০২৫ সালে ভিয়েতনামে বৈদেশিক বিনিয়োগ কত বিলিয়ন ডলার ছিল?,তথ্য নেই,composite,False,none,,
PA_0025.png,mcq1,mcq,"২০২০-২১ থেকে ২০২৩-২৪ সময়ের মধ্যে সবচেয়ে কম নতুন বিদেশি বিনিয়োগ কোন বছরে হয়েছিল?
ক) ২০২১-২২
খ) ২০২৩-২৪
গ) ২০২০-২১
ঘ) ২০২২-২৩",খ) ২০২৩-২৪,composite,False,"২০২০-২১: ৭৩, ২০২১-২২: ১১৪, ২০২২-২৩: ৭১, ২০২৩-২৪: ৬৭ কোটি ডলার",filter_rank,filter1
PA_0011.png,l1,lookup,২০২৪ সালে ভিয়েতনামের তৈরি পোশাক রপ্তানির পরিমাণ কত বিলিয়ন ডলার?,৩৪,table,False,ভিয়েতনাম ২০২৪: ৩৪ বিলিয়ন ডলার,,
PA_0011.png,ms1,multi_step_lookup,২০২৪ সালের রপ্তানি মূল্য অনুযায়ী কোন দেশ তৃতীয় স্থানে আছে?,ভিয়েতনাম,table,False,"২০২৪ সালের রপ্তানি মূল্য: চীন ১৬৫, বাংলাদেশ ৩৮, ভিয়েতনাম ৩৪, তুরস্ক ১৮, ভারত ১৬ - ক্রম অনুযায়ী তৃতীয় ভিয়েতনাম",filter_rank,
PA_0011.png,ms2,multi_step_lookup,২০২৩ থেকে ২০২৪ সালের মধ্যে কোন দেশের রপ্তানি মূল্যে সবচেয়ে বেশি প্রবৃদ্ধি হয়েছে?,ভিয়েতনাম,table,False,"ভিয়েতনাম ২০২৩: ৩১, ২০২৪: ৩৪ - বৃদ্ধি ৩ বিলিয়ন ডলার, অন্য দেশগুলোর তুলনায় সর্বোচ্চ",filter_rank,
PA_0011.png,r1,reasoning,২০২৪ সালে বাংলাদেশ ও ভিয়েতনামের রপ্তানি মূল্যের সমষ্টি কত বিলিয়ন ডলার?,৭২,table,False,বাংলাদেশ ২০২৪: ৩৮ + ভিয়েতনাম ২০২৪: ৩৪ = ৭২,,
PA_0011.png,u1,unanswerable,২০২৪ সালে পাকিস্তানের তৈরি পোশাক রপ্তানির পরিমাণ কত বিলিয়ন ডলার?,তথ্য নেই,table,False,none,,
PA_0011.png,mcq1,mcq,"২০২৪ সালের রপ্তানি মূল্য অনুযায়ী কোন দেশ তৃতীয় স্থানে আছে?
ক) বাংলাদেশ
খ) তুরস্ক
গ) ভিয়েতনাম
ঘ) ভারত",গ) ভিয়েতনাম,table,False,"২০২৪ সালের রপ্তানি মূল্য: চীন ১৬৫, বাংলাদেশ ৩৮, ভিয়েতনাম ৩৪, তুরস্ক ১৮, ভারত ১৬ - ক্রম অনুযায়ী তৃতীয় ভিয়েতনাম",filter_rank,ms1
PA_0034.png,q1,lookup,জার্মানিতে তৈরি পোশাক রপ্তানির পরিমাণ কত কোটি ডলার?,৪৫৭ কোটি ডলার,bar_chart,False,জার্মানি: ৪৫৭ কোটি ডলার,,
PA_0034.png,q2,multi_step_lookup,প্রবৃদ্ধির হার ১০ শতাংশের বেশি এমন দেশগুলোর মধ্যে সর্বোচ্চ রপ্তানি হয় কোন দেশে?,জার্মানি,bar_chart,True,"প্রবৃদ্ধি ১০ শতাংশের বেশি: জার্মানি ১০.৩৯%, নেদারল্যান্ডস ২২.১৫%, পোল্যান্ড ১০.৬৪%, কানাডা ১৪.২৯%, জাপান ১০.৮৯%; রপ্তানি: জার্মানি ৪৫৭ সর্বোচ্চ",filter_rank,
PA_0034.png,q3,multi_step_lookup,প্রবৃদ্ধির হার ৫ শতাংশের কম এমন দেশগুলোর মধ্যে সর্বনিম্ন রপ্তানি হয় কোন দেশে?,স্পেন,bar_chart,True,"প্রবৃদ্ধি ৫ শতাংশের কম: যুক্তরাজ্য ৪.১২%, স্পেন ১.৬১%; রপ্তানি: যুক্তরাজ্য ৪০৮, স্পেন ৩১৬ সর্বনিম্ন",filter_rank,
PA_0034.png,q4,reasoning,যুক্তরাষ্ট্র ও জার্মানিতে মোট তৈরি পোশাক রপ্তানির পরিমাণ কত কোটি ডলার?,১১৬৬ কোটি ডলার,bar_chart,False,যুক্তরাষ্ট্র ৭০৯ + জার্মানি ৪৫৭ = ১১৬৬,,
PA_0034.png,q5,unanswerable,২০২৩-২৪ অর্থবছরে যুক্তরাষ্ট্রে তৈরি পোশাক রপ্তানির পরিমাণ কত ছিল?,তথ্য নেই,bar_chart,False,none,,
PA_0034.png,q2_mcq,mcq,"প্রবৃদ্ধির হার ১০ শতাংশের বেশি এমন দেশগুলোর মধ্যে সর্বোচ্চ রপ্তানি হয় কোন দেশে?
ক) নেদারল্যান্ডস
খ) জার্মানি
গ) পোল্যান্ড
ঘ) কানাডা",খ) জার্মানি,bar_chart,True,"প্রবৃদ্ধি ১০ শতাংশের বেশি: জার্মানি ১০.৩৯%, নেদারল্যান্ডস ২২.১৫%, পোল্যান্ড ১০.৬৪%, কানাডা ১৪.২৯%; রপ্তানি: জার্মানি ৪৫৭ সর্বোচ্চ",filter_rank,q2
PA_0037.png,q1,lookup,১৯৯৫ সালে বাংলাদেশের গড় আয়ু কত বছর ছিল?,৫৬.৬ বছর,table,False,গড় আয়ু (১৯৯৫) = ৫৬.৬ বছর,,
PA_0037.png,q2,multi_step_lookup,"১৯৯৫, ২০২০ সালের বিশ্বব্যাংকের অনুমান এবং ২০২০ সালের প্রকৃত অর্জন - এই তিনটির মধ্যে জনসংখ্যা বৃদ্ধির হার সবচেয়ে কম ছিল কোনটিতে?",২০২০ (বিশ্বব্যাংকের অনুমান),table,False,"জনসংখ্যা বৃদ্ধির হার: ১৯৯৫=১.৮২%, ২০২০ অনুমান=১.১৫%, ২০২০ প্রকৃত=১.৩৭%",filter_rank,
PA_0037.png,q3,multi_step_lookup,টেবিলে জিডিপি প্রবৃদ্ধির হারের ঠিক পরের সারিতে কোন সূচক দেখানো হয়েছে?,মাথাপিছু আয় (ডলার),table,False,জিডিপি প্রবৃদ্ধির হার সারির পরের সারি: মাথাপিছু আয় (ডলার),layout_position,
PA_0037.png,q4,reasoning,১৯৯৫ সাল থেকে ২০২০ সালের প্রকৃত অর্জন পর্যন্ত মাথাপিছু আয় কত ডলার বেড়েছে?,১৭৬৯ ডলার,table,False,"মাথাপিছু আয়: ২০২০ (প্রকৃত)=২০৬৪, ১৯৯৫=২৯৫; ২০৬৪-২৯৫=১৭৬৯",,
PA_0037.png,q5,unanswerable,বাংলাদেশে পুরুষদের গড় আয়ু কত বছর?,তথ্য নেই,table,False,none,,
PA_0037.png,q6,mcq,"১৯৯৫, ২০২০ সালের বিশ্বব্যাংকের অনুমান এবং ২০২০ সালের প্রকৃত অর্জন - এই তিনটির মধ্যে জনসংখ্যা বৃদ্ধির হার সবচেয়ে কম ছিল কোনটিতে?
ক) ১৯৭২
খ) ২০২০ (বিশ্বব্যাংকের অনুমান)
গ) ১৯৯৫
ঘ) ২০২০ (প্রকৃত অর্জন)",খ) ২০২০ (বিশ্বব্যাংকের অনুমান),table,False,"জনসংখ্যা বৃদ্ধির হার: ১৯৯৫=১.৮২%, ২০২০ অনুমান=১.১৫%, ২০২০ প্রকৃত=১.৩৭%",filter_rank,q2
PA_0019.png,q1_lookup,lookup,২০২২-২৩ অর্থবছরে ভারত কত কোটি রুপি দিয়েছে?,১৩৩.৮০ কোটি রুপি,horizontal_bar_chart,False,২০২২-২৩ = ১৩৩.৮০ কোটি রুপি,,
PA_0019.png,q2_filter_rank1,multi_step_lookup,"যেসব অর্থবছরে ১৫০ কোটি রুপির বেশি দেওয়া হয়েছে, তাদের মধ্যে দ্বিতীয় সর্বোচ্চ পরিমাণ কোন অর্থবছরে?",২০১৪-১৫,horizontal_bar_chart,False,"২০১৪-১৫ = ১৯৭.৮৫, ২০১৫-১৬ = ১৫৫.৬৮, ২০২০-২১ = ১৭৭.৯৮, ২০২১-২২ = ২১৯.৫৩, ২০২৩-২৪ = ১৫৭.৬৩ কোটি রুপি",filter_rank,
PA_0019.png,q3_filter_rank2,multi_step_lookup,"যেসব অর্থবছরে ১৪০ কোটি রুপির কম দেওয়া হয়েছে, তাদের মধ্যে সর্বোচ্চ পরিমাণ কোন অর্থবছরে?",২০১৯-২০,horizontal_bar_chart,False,"২০১৬-১৭ = ৮২.৫৯, ২০১৭-১৮ = ৭৮.০২, ২০১৮-১৯ = ১৩১.৮১, ২০১৯-২০ = ১৩৭.৬৮, ২০২২-২৩ = ১৩৩.৮০, ২০২৪-২৫ = ৫৯.১৫, ২০২৫-২৬ = ২৫.০১ কোটি রুপি",filter_rank,
PA_0019.png,q4_reasoning,reasoning,২০২১-২২ থেকে ২০২২-২৩ অর্থবছরে ভারতের দেওয়া অর্থের পরিমাণ কত কোটি রুপি কমেছে?,৮৫.৭৩ কোটি রুপি,horizontal_bar_chart,False,"২০২১-২২ = ২১৯.৫৩ কোটি রুপি, ২০২২-২৩ = ১৩৩.৮০ কোটি রুপি; বিয়োগ = ৮৫.৭৩ কোটি রুপি",,
PA_0019.png,q5_unanswerable,unanswerable,২০১৬-১৭ অর্থবছরে ভারতের দেওয়া অর্থ কোন খাতে ব্যয় হয়েছে?,তথ্য নেই,horizontal_bar_chart,False,none,,
PA_0019.png,q6_mcq,mcq,"যেসব অর্থবছরে ১৫০ কোটি রুপির বেশি দেওয়া হয়েছে, তাদের মধ্যে দ্বিতীয় সর্বোচ্চ পরিমাণ কোন অর্থবছরে?
ক) ২০১৫-১৬
খ) ২০১৪-১৫
গ) ২০২০-২১
ঘ) ২০২৩-২৪",খ) ২০১৪-১৫,horizontal_bar_chart,False,"২০১৪-১৫ = ১৯৭.৮৫, ২০১৫-১৬ = ১৫৫.৬৮, ২০২০-২১ = ১৭৭.৯৮, ২০২১-২২ = ২১৯.৫৩, ২০২৩-২৪ = ১৫৭.৬৩ কোটি রুপি",filter_rank,q2_filter_rank1
PA_0041.png,q1,lookup,২০১৯ সালে ধর্ষণ মামলার সংখ্যা কত ছিল?,"৫,৮৭২",horizontal_bar_chart,False,"২০১৯: ধর্ষণ মামলা ৫,৮৭২",,
PA_0041.png,q2,multi_step_lookup,"যেসব বছরে অন্যান্য মামলার সংখ্যা ৭,০০০-এর বেশি ছিল, তার মধ্যে কোন বছরে সংখ্যা সর্বোচ্চ ছিল?",২০১৯,horizontal_bar_chart,False,"২০১৯: অন্যান্য মামলা ৭,৬৫৭; ২০২০: অন্যান্য মামলা ৭,১৯২",filter_rank,
PA_0041.png,q3,multi_step_lookup,"যেসব বছরে ধর্ষণ মামলার সংখ্যা ৬,০০০-এর বেশি ছিল, তার মধ্যে কোন বছরে সংখ্যা সর্বনিম্ন ছিল?",২০২১,horizontal_bar_chart,False,"২০২০: ধর্ষণ মামলা ৬,৫৫৫; ২০২১: ধর্ষণ মামলা ৬,৩৪১",filter_rank,
PA_0041.png,q4,reasoning,২০২০ সালে নারী ও শিশু নির্যাতন দমন আইনে মোট কতগুলো মামলা হয়েছিল?,"১৩,৭৪৭",horizontal_bar_chart,False,"২০২০: ধর্ষণ মামলা ৬,৫৫৫ + অন্যান্য মামলা ৭,১৯২ = ১৩,৭৪৭",,
PA_0041.png,q5,unanswerable,২০২২ সালে সম্পূর্ণ বছরে মোট কতগুলো ধর্ষণ মামলা হয়েছিল?,তথ্য নেই,horizontal_bar_chart,False,none,,
PA_0041.png,q2_mcq,mcq,"যেসব বছরে অন্যান্য মামলার সংখ্যা ৭,০০০-এর বেশি ছিল, তার মধ্যে কোন বছরে সংখ্যা সর্বোচ্চ ছিল?
ক) ২০১৮
খ) ২০১৯
গ) ২০২০
ঘ) ২০২১",খ) ২০১৯,horizontal_bar_chart,False,"২০১৯: অন্যান্য মামলা ৭,৬৫৭; ২০২০: অন্যান্য মামলা ৭,১৯২",filter_rank,q2
PA_0036.png,q1,lookup,২০২০ সালে বজ্রপাতে মোট কতজনের মৃত্যু হয়েছিল?,৩৮১,table,False,২০২০: মোট মৃত্যু ৩৮১,,
PA_0036.png,q2,multi_step_lookup,২০১০ থেকে ২০১৫ সালের মধ্যে কোন বছরে সর্বোচ্চ মোট মৃত্যু হয়েছিল?,২০১২,table,False,"২০১০: ১২৩, ২০১১: ১৭৯, ২০১২: ৩০১, ২০১৩: ২৮৫, ২০১৪: ২১০, ২০১৫: ২৭৪",filter_rank,
PA_0036.png,q3,multi_step_lookup,২০১০ থেকে ২০১৪ সালের মধ্যে কোন বছরে সর্বনিম্ন নারী মৃত্যু ছিল?,২০১০,table,False,"২০১০: নারী ২০, ২০১১: নারী ২৮, ২০১২: নারী ৫০, ২০১৩: নারী ৫৩, ২০১৪: নারী ২৮",filter_rank,
PA_0036.png,q4,reasoning,২০১৬ ও ২০১৭ সালে বজ্রপাতে মোট কতজন আহত হয়েছিল?,২৭০,table,False,"২০১৬: আহত ১৯৬, ২০১৭: আহত ৭৪, যোগফল = ২৭০",,
PA_0036.png,q5,unanswerable,২০২৩ সালে বজ্রপাতে মোট কতজনের মৃত্যু হয়েছিল?,তথ্য নেই,table,False,none,,
PA_0036.png,q6_mcq,mcq,"২০১০ থেকে ২০১৫ সালের মধ্যে কোন বছরে সর্বোচ্চ মোট মৃত্যু হয়েছিল?
ক) ২০১০
খ) ২০১৩
গ) ২০১২
ঘ) ২০১৫",গ) ২০১২,table,False,"২০১০: ১২৩, ২০১১: ১৭৯, ২০১২: ৩০১, ২০১৩: ২৮৫, ২০১৪: ২১০, ২০১৫: ২৭৪",filter_rank,q2
PA_0028.png,lookup1,lookup,কৃষিজীবী পেশার চেয়ারম্যানদের শতকরা হার কত?,৮.৬%,composite,False,কৃষিজীবী ৮.৬%,,
PA_0028.png,multi_filter1,multi_step_lookup,পেশাগুলোর মধ্যে দ্বিতীয় সর্বোচ্চ শতাংশ কোন পেশার?,কৃষিজীবী,composite,False,"ব্যবসায়ী ৭৬.১%, কৃষিজীবী ৮.৬%, শিক্ষক ৫.১%, অন্যান্য ৫.১%, আইনজীবী ৩.৬%, রাজনীতিবিদ ১.৫%",filter_rank,
PA_0028.png,multi_layout1,multi_step_lookup,সবচেয়ে বেশি সম্পদের তালিকায় দ্বিতীয় স্থানে কার নাম উল্লেখ আছে?,আনোয়ারুল ইসলাম,composite,False,"তালিকা: ১) কামরুজ্জামান ভূঞা, ২) আনোয়ারুল ইসলাম, ৩) আতাহার ইশরাক শাবাব চৌধুরী",layout_position,
PA_0028.png,reasoning1,reasoning,আনোয়ারুল ইসলামের জমি আরিফুল আলম চৌধুরীর জমির চেয়ে কত একর বেশি?,১১.৫৭ একর,composite,False,৫১.৬৭ একর - ৪০.১ একর = ১১.৫৭ একর,,
PA_0028.png,unanswerable1,unanswerable,কামরুজ্জামান ভূঞার মোট সম্পদের পরিমাণ কত টাকা?,তথ্য নেই,composite,False,none,,
PA_0028.png,mcq1,mcq,পেশাগুলোর মধ্যে দ্বিতীয় সর্বোচ্চ শতাংশ কোন পেশার?,গ) কৃষিজীবী,composite,False,"ব্যবসায়ী ৭৬.১%, কৃষিজীবী ৮.৬%, শিক্ষক ৫.১%, অন্যান্য ৫.১%, আইনজীবী ৩.৬%, রাজনীতিবিদ ১.৫%
ক) শিক্ষক
খ) ব্যবসায়ী
গ) কৃষিজীবী
ঘ) আইনজীবী",filter_rank,multi_filter1
PA_0029.png,q1,lookup,'মতামত প্রকাশের স্বাধীনতা নিশ্চিত করা' বিষয়ে 'ব্যর্থ' এর হার কত?,২৩.৩%,horizontal_bar_chart,False,মতামত প্রকাশের স্বাধীনতা নিশ্চিত করা: ব্যর্থ ২৩.৩%,,
PA_0029.png,q2,multi_step_lookup,"যেসব বিষয়ে 'নিশ্চিত নই' এর হার ১০%-এর বেশি, তাদের মধ্যে কোনটির 'সফল' হার সবচেয়ে বেশি?",অবাধ ও নিরপেক্ষ নির্বাচন ও সুষ্ঠু ভোটের পরিবেশ তৈরি করা,horizontal_bar_chart,False,"অবাধ ও নিরপেক্ষ নির্বাচন: নিশ্চিত নই ১৩.৮%, সফল ৬২.২%; নির্যাতন-নিপীড়নের বিচার: নিশ্চিত নই ১৭.৫%, সফল ৫৭.২%; লুটপাট বিচার: নিশ্চিত নই ২৪.১%, সফল ৫৪.৩%; পাচার টাকা ফেরত: নিশ্চিত নই ২২.৪%, সফল ৩৯.৭%",filter_rank,
PA_0029.png,q3,multi_step_lookup,তালিকায় উপর থেকে নিচের দিকে সাজানো ক্রমে 'কর্মসংস্থানের সুযোগ তৈরি করা' বিষয়টি কত নম্বর সারিতে আছে?,সপ্তম সারি,horizontal_bar_chart,False,"সারির ক্রম: ১.আইন-শৃঙ্খলা, ২.মতামত প্রকাশের স্বাধীনতা, ৩.দ্রব্যমূল্য নিয়ন্ত্রণ, ৪.নারীর নিরাপত্তা, ৫.নির্বাচন পরিবেশ, ৬.নির্যাতন-নিপীড়নের বিচার, ৭.কর্মসংস্থানের সুযোগ, ৮.লুটপাট বিচার, ৯.দুর্নীতি দমন, ১০.পাচার টাকা ফেরত",layout_position,
PA_0029.png,q4,reasoning,'দুর্নীতি দমন' বিষয়ে 'সফল' ও 'ব্যর্থ' শতাংশের মধ্যে পার্থক্য কত?,২.৩%,horizontal_bar_chart,False,"দুর্নীতি দমন: ব্যর্থ ৪৮.১%, সফল ৪৫.৮%; ৪৮.১-৪৫.৮=২.৩",,
PA_0029.png,q5,unanswerable,এই জনমত জরিপে মোট কতজন মানুষের মতামত সংগ্রহ করা হয়েছে?,তথ্য নেই,horizontal_bar_chart,False,none,,
PA_0029.png,q2_mcq,mcq,"যেসব বিষয়ে 'নিশ্চিত নই' এর হার ১০%-এর বেশি, তাদের মধ্যে কোনটির 'সফল' হার সবচেয়ে বেশি?
ক) বিগত আওয়ামী লীগ সরকারের সময়ে ঘটা নির্যাতন-নিপীড়নের বিচার
খ) আ.লীগ সরকারের সময় লুটপাট ও দুর্নীতিতে জড়িত ব্যক্তি ও প্রতিষ্ঠানের বিচার
গ) অবাধ ও নিরপেক্ষ নির্বাচন ও সুষ্ঠু ভোটের পরিবেশ তৈরি করা
ঘ) আ.লীগ সরকারের সময়ে পাচার হওয়া টাকা বিদেশ থেকে ফিরিয়ে আনা",গ) অবাধ ও নিরপেক্ষ নির্বাচন ও সুষ্ঠু ভোটের পরিবেশ তৈরি করা,horizontal_bar_chart,False,"অবাধ ও নিরপেক্ষ নির্বাচন: নিশ্চিত নই ১৩.৮%, সফল ৬২.২%; নির্যাতন-নিপীড়নের বিচার: নিশ্চিত নই ১৭.৫%, সফল ৫৭.২%; লুটপাট বিচার: নিশ্চিত নই ২৪.১%, সফল ৫৪.৩%; পাচার টাকা ফেরত: নিশ্চিত নই ২২.৪%, সফল ৩৯.৭%",filter_rank,q2
PA_0008.png,q1,lookup,রাশিয়ার প্রাকৃতিক গ্যাস রপ্তানিতে জার্মানির অংশ কত শতাংশ?,১৪.৫৬%,pie_chart,False,জার্মানি (গ্যাস) ১৪.৫৬%,,
PA_0008.png,q2,multi_step_lookup,গ্যাস রপ্তানির তালিকায় নির্দিষ্ট নামের দেশগুলোর (অন্যান্য দেশ বাদে) মধ্যে সবচেয়ে কম শতাংশ কোন দেশের?,চীন,pie_chart,False,"জার্মানি ১৪.৫৬%, ইতালি ১১.৬৫%, ফ্রান্স ৭.৭৭%, বেলারুশ ৭.৭৭%, তুরস্ক ৫.৮৩%, চীন ৪.৮৫%",filter_rank,
PA_0008.png,q3,multi_step_lookup,জ্বালানি তেলের পাই চার্টে চীনের ঠিক পরে (ঘড়ির কাঁটার দিকে) কোন দেশের অংশ দেখানো হয়েছে?,নেদারল্যান্ডস,pie_chart,False,তেল চার্টে চীন ৩০.৬৯% এর পরের অংশ নেদারল্যান্ডস ১০.৮৯%,layout_position,
PA_0008.png,q4,reasoning,গ্যাস ও জ্বালানি তেল রপ্তানিতে জার্মানির মোট অংশ (দুই খাত মিলিয়ে) কত শতাংশ?,২৫.৪৫%,pie_chart,True,গ্যাসে জার্মানি ১৪.৫৬% + তেলে জার্মানি ১০.৮৯% = ২৫.৪৫%,,
PA_0008.png,q5,unanswerable,রাশিয়ার গ্যাস রপ্তানি থেকে মোট আয় কত ডলার?,তথ্য নেই,pie_chart,False,none,,
PA_0008.png,q6,mcq,গ্যাস রপ্তানির তালিকায় নির্দিষ্ট নামের দেশগুলোর (অন্যান্য দেশ বাদে) মধ্যে সবচেয়ে কম শতাংশ কোন দেশের?,ক) চীন ৪.৮৫%,pie_chart,False,"জার্মানি ১৪.৫৬%, ইতালি ১১.৬৫%, ফ্রান্স ৭.৭৭%, বেলারুশ ৭.৭৭%, তুরস্ক ৫.৮৩%, চীন ৪.৮৫%",filter_rank,q2
PA_0040.png,q1,lookup,২০২০-২১ অর্থবছরে বাংলাদেশের আমদানির পরিমাণ কত কোটি টন ছিল?,১২.২৭ কোটি টন,composite,False,২০২০-২১: ১২.২৭ কোটি টন,,
PA_0040.png,q2,multi_step_lookup,"ব্যয় বৃদ্ধির হার বিবেচনায়, কোন খাতের ব্যয় বৃদ্ধির হার সর্বোচ্চ?",মূলধনী যন্ত্র,composite,False,"পোশাক: ৮০%, তুলা: ৫০%, রিফাইনার: ১৬%, পুরোনো জাহাজ: ৩২%, মূলধনী যন্ত্র: ৮২%",filter_rank,
PA_0040.png,q3,multi_step_lookup,খাতের তালিকায় উপর থেকে তৃতীয় সারিতে কোন খাতের তথ্য দেখানো হয়েছে?,রিফাইনার,composite,False,"খাতের ক্রম: পোশাক, তুলা, রিফাইনার, পুরোনো জাহাজ, মূলধনী যন্ত্র",layout_position,
PA_0040.png,q4,reasoning,গত বছরের তুলনায় মোট আমদানি ব্যয় কত কোটি ডলার বেড়েছে?,"২,১২১ কোটি ডলার",composite,False,"২০২০-২১: ৫,২২২ কোটি ডলার, ২০২১-২২: ৭,৩৪৩ কোটি ডলার, বিয়োগ",,
PA_0040.png,q5,unanswerable,রিফাইনার খাতে ২০২০-২১ সালে আমদানির পরিমাণ কত কোটি টন ছিল?,তথ্য নেই,composite,False,none,,
PA_0040.png,q6,mcq,"ব্যয় বৃদ্ধির হার বিবেচনায়, কোন খাতের ব্যয় বৃদ্ধির হার সর্বোচ্চ?
ক) পোশাক
খ) মূলধনী যন্ত্র
গ) তুলা
ঘ) পুরোনো জাহাজ",খ) মূলধনী যন্ত্র,composite,False,"পোশাক: ৮০%, তুলা: ৫০%, রিফাইনার: ১৬%, পুরোনো জাহাজ: ৩২%, মূলধনী যন্ত্র: ৮২%",filter_rank,q2
PA_0014.png,lookup1,lookup,ফখর উদ্দিন আহমেদের সম্পদমূল্য কত কোটি টাকা?,২৯৯ কোটি টাকা,table,False,ফখর উদ্দিন আহমেদ: ২৯৯ কোটি টাকা,,
PA_0014.png,multi_a,multi_step_lookup,স্বতন্ত্র প্রার্থীদের মধ্যে সম্পদমূল্যে দ্বিতীয় স্থানে কে আছেন?,এম এ এইচ সেলিম,table,False,"সালাউদ্দিন আলমগীর ২৮৩, এম এ এইচ সেলিম ২৬২, মোহাম্মদ ফজলুল আজিম ১৯০ - দল স্বতন্ত্র",filter_rank,
PA_0014.png,multi_b,multi_step_lookup,বিএনপির প্রার্থীদের মধ্যে সম্পদমূল্যে তৃতীয় স্থানে কে আছেন?,ফখর উদ্দিন আহমেদ,table,False,"আব্দুল আউয়াল মিন্টু ৬০৭, আসলাম চৌধুরী ৪৭৪, ফখর উদ্দিন আহমেদ ২৯৯ - দল বিএনপি",filter_rank,
PA_0014.png,reasoning1,reasoning,স্বতন্ত্র প্রার্থীদের মোট সম্পদমূল্য কত কোটি টাকা?,৭৩৫ কোটি টাকা,table,False,২৮৩+২৬২+১৯০ যোগ,,
PA_0014.png,unanswerable1,unanswerable,আব্দুল আউয়াল মিন্টু কোন নির্বাচনী এলাকায় প্রতিদ্বন্দ্বিতা করছেন?,তথ্য নেই,table,False,none,,
PA_0014.png,mcq1,mcq,"স্বতন্ত্র প্রার্থীদের মধ্যে সম্পদমূল্যে দ্বিতীয় স্থানে কে আছেন?
ক) সালাউদ্দিন আলমগীর
খ) এম এ এইচ সেলিম
গ) মোহাম্মদ ফজলুল আজিম
ঘ) ফখর উদ্দিন আহমেদ",খ) এম এ এইচ সেলিম,table,False,"সালাউদ্দিন আলমগীর ২৮৩, এম এ এইচ সেলিম ২৬২, মোহাম্মদ ফজলুল আজিম ১৯০ - দল স্বতন্ত্র",filter_rank,multi_a
PA_0016.png,pie_lookup,lookup,বাংলাদেশে জাপানি কোম্পানিগুলোর মধ্যে আয়-ব্যয় সমান আছে এমন কোম্পানির হার কত?,২৯.৫%,composite,False,আয়-ব্যয় সমান = ২৯.৫% (নিকটবর্তী মান: লোকসানের আশঙ্কা = ২০.৫%),,
PA_0016.png,filter_rank1,multi_step_lookup,সুবিধার তালিকায় উল্লেখিত বিষয়গুলোর মধ্যে সবচেয়ে কম শতাংশযুক্ত বিষয়টি কী?,দক্ষ কর্মী বা ব্যবস্থাপক পাওয়া যায়,composite,False,"কম শ্রম খরচ ৭৭.৮%, বড় বাজার ও প্রবৃদ্ধির সম্ভাবনা ৫৬.৬%, স্থানীয় কর্মী নিয়োগ সহজ ২৮.৩%, ভাষা ও যোগাযোগের সমস্যা কম ২৬.৮%, দক্ষ কর্মী বা ব্যবস্থাপক পাওয়া যায় ১৭.০%",filter_rank,
PA_0016.png,layout_pos1,multi_step_lookup,ঝুঁকির তালিকায় ৬৬.৯% শতাংশযুক্ত তিনটি বিষয়ের মধ্যে কোনটি তালিকার সবচেয়ে নিচে আছে?,অনুমত আইন ব্যবস্থা,composite,False,"স্থানীয় সরকারের অস্পষ্ট নীতিমালা ৬৬.৯% (উপরে), অনুমোদন পেতে দীর্ঘ প্রক্রিয়া ৬৬.৯% (মাঝে), অনুমত আইন ব্যবস্থা ৬৬.৯% (সর্বনিচে)",layout_position,
PA_0016.png,reasoning1,reasoning,"যে জাপানি কোম্পানিগুলো লোকসানের আশঙ্কায় নেই, তাদের মোট হার কত?",৭৯.৫%,composite,False,মোট ১০০% - লোকসানের আশঙ্কা ২০.৫% = ৭৯.৫%,,
PA_0016.png,unanswerable1,unanswerable,২০২৪ সালে বাংলাদেশে জাপানি কোম্পানির লোকসানের আশঙ্কার হার কত ছিল?,তথ্য নেই,composite,False,none,,
PA_0016.png,mcq1,mcq,"সুবিধার তালিকায় উল্লেখিত বিষয়গুলোর মধ্যে সবচেয়ে কম শতাংশযুক্ত বিষয়টি কী?
ক) কম শ্রম খরচ
খ) দক্ষ কর্মী বা ব্যবস্থাপক পাওয়া যায়
গ) স্থানীয় কর্মী নিয়োগ সহজ
ঘ) ভাষা ও যোগাযোগের সমস্যা কম",খ) দক্ষ কর্মী বা ব্যবস্থাপক পাওয়া যায়,composite,False,"কম শ্রম খরচ ৭৭.৮%, বড় বাজার ও প্রবৃদ্ধির সম্ভাবনা ৫৬.৬%, স্থানীয় কর্মী নিয়োগ সহজ ২৮.৩%, ভাষা ও যোগাযোগের সমস্যা কম ২৬.৮%, দক্ষ কর্মী বা ব্যবস্থাপক পাওয়া যায় ১৭.০%",filter_rank,filter_rank1
PA_0005.png,lu1,lookup,এনসিপির ভোটের হার কত?,৩.০৫%,pie_chart,False,এনসিপি: ৩.০৫%,,
PA_0005.png,ml1,multi_step_lookup,"যে দলগুলোর ভোটের হার ৩ শতাংশের কম, তাদের মধ্যে দ্বিতীয় সর্বোচ্চ ভোটের হার কোন দলের?",বাংলাদেশ খেলাফত মজলিস,pie_chart,False,"ইসলামী আন্দোলন: ২.৭০%, বাংলাদেশ খেলাফত মজলিস: ২.০৯%, জাতীয় পার্টি (জাপা): ০.৮৯%",filter_rank,
PA_0005.png,ml2,multi_step_lookup,"যে দলগুলোর ভোটের হার ২ শতাংশের বেশি, তাদের মধ্যে সর্বনিম্ন ভোটের হার কোন দলের?",বাংলাদেশ খেলাফত মজলিস,pie_chart,False,"বিএনপি: ৪৯.৯৭%, জামায়াতে ইসলামী: ৩১.৭৬%, এনসিপি: ৩.০৫%, ইসলামী আন্দোলন: ২.৭০%, বাংলাদেশ খেলাফত মজলিস: ২.০৯%",layout_position,
PA_0005.png,mcq1,mcq,"যে দলগুলোর ভোটের হার ৩ শতাংশের কম, তাদের মধ্যে দ্বিতীয় সর্বোচ্চ ভোটের হার কোন দলের?
ক) ইসলামী আন্দোলন
খ) বাংলাদেশ খেলাফত মজলিস
গ) জাতীয় পার্টি (জাপা)
ঘ) এনসিপি",খ) বাংলাদেশ খেলাফত মজলিস,pie_chart,False,"ইসলামী আন্দোলন: ২.৭০%, বাংলাদেশ খেলাফত মজলিস: ২.০৯%, জাতীয় পার্টি (জাপা): ০.৮৯%",filter_rank,ml1
PA_0005.png,rs1,reasoning,এনসিপি ও ইসলামী আন্দোলনের ভোটের হার একসাথে কত শতাংশ হবে?,৫.৭৫%,pie_chart,False,এনসিপি: ৩.০৫% + ইসলামী আন্দোলন: ২.৭০% = ৫.৭৫%,,
PA_0005.png,ua1,unanswerable,এই নির্বাচনে মোট কতজন ভোটার তাদের ভোট প্রদান করেছেন?,তথ্য নেই,pie_chart,False,none,,
PA_0022.png,lookup1,lookup,মাইক্রোসফটের বাজার মূলধন কত ট্রিলিয়ন ডলার?,৪.২০ ট্রিলিয়ন ডলার,horizontal_bar_chart,False,মাইক্রোসফট: ৪.২০,,
PA_0022.png,ms1,multi_step_lookup,"যেসব কোম্পানির বাজার মূলধন ২ ট্রিলিয়ন ডলারের কম, তাদের মধ্যে কোনটির মূলধন সর্বোচ্চ?",মেটা (ফেসবুক),horizontal_bar_chart,False,"মেটা: ১.৮৮, ব্রডকম: ১.৭৬, আরামকো: ১.৬৭, টিএসএমসি: ১.৫৬, টেসলা: ১.৫৩",filter_rank,
PA_0022.png,ms2,multi_step_lookup,"যেসব কোম্পানির বাজার মূলধন ৩ ট্রিলিয়ন ডলারের বেশি, তাদের মধ্যে কোনটির মূলধন সর্বনিম্ন?",অ্যালফাবেট,horizontal_bar_chart,False,"এনভিডিয়া: ৪.৮৯, মাইক্রোসফট: ৪.২০, অ্যাপল: ৩.৯৯, অ্যালফাবেট: ৩.২৩",filter_rank,
PA_0022.png,reasoning1,reasoning,এনভিডিয়া এবং টেসলার বাজার মূলধনের পার্থক্য কত ট্রিলিয়ন ডলার?,৩.৩৬ ট্রিলিয়ন ডলার,horizontal_bar_chart,False,"এনভিডিয়া: ৪.৮৯, টেসলা: ১.৫৩, বিয়োগ",,
PA_0022.png,unanswerable1,unanswerable,২০২৪ সালে এই কোম্পানিগুলোর বাজার মূলধন কত ছিল?,তথ্য নেই,horizontal_bar_chart,False,none,,
PA_0022.png,mcq1,mcq,"যেসব কোম্পানির বাজার মূলধন ২ ট্রিলিয়ন ডলারের কম, তাদের মধ্যে কোনটির মূলধন সর্বোচ্চ?
ক) ব্রডকম
খ) মেটা (ফেসবুক)
গ) আরামকো
ঘ) টিএসএমসি",খ) মেটা (ফেসবুক),horizontal_bar_chart,False,"মেটা: ১.৮৮, ব্রডকম: ১.৭৬, আরামকো: ১.৬৭, টিএসএমসি: ১.৫৬",filter_rank,ms1
PA_0033.png,L1,lookup,বর্তমান সময়ে (১৯৮৫-২০১৪) সারা দেশে গড়ে কত দিন শৈত্যপ্রবাহ থাকে?,৮.১ দিন,composite,False,"৮.১ দিন (বর্তমান, ১৯৮৫-২০১৪)",,
PA_0033.png,M1a,multi_step_lookup,"বর্তমান, মধ্য-শতাব্দী ও শতাব্দী-শেষ - এই তিন সময়ের মধ্যে কোন সময়ে শৈত্যপ্রবাহের দিন সংখ্যা সবচেয়ে কম?",শতাব্দী-শেষ (২০৭১-২১০০),composite,False,"বর্তমান ৮.১ দিন, মধ্য-শতাব্দী ১.৯ দিন, শতাব্দী-শেষ ০.৬ দিন",filter_rank,
PA_0033.png,M1b,multi_step_lookup,সবচেয়ে বেশি শীতপ্রবণ জেলাগুলোর তালিকায় তৃতীয় স্থানে কোন জেলার নাম উল্লেখ আছে?,মৌলভীবাজার,composite,False,"পঞ্চগড়, ঠাকুরগাঁও, মৌলভীবাজার, হবিগঞ্জ - তালিকার ক্রম",layout_position,
PA_0033.png,R1,reasoning,শতাব্দীর শেষে শীতকালের প্রত্যাশিত গড় তাপমাত্রা কত সেলসিয়াস হতে পারে?,২৩.৫° সেলসিয়াস,composite,False,২০.১° সেলসিয়াস (বর্তমান গড় তাপমাত্রা) + ৩.৪° সেলসিয়াস (বৃদ্ধি) = ২৩.৫° সেলসিয়াস,,
PA_0033.png,U1,unanswerable,মধ্য-শতাব্দীতে (২০৪১-২০৭০) শীতকালের গড় তাপমাত্রা কত সেলসিয়াস হবে?,তথ্য নেই,composite,False,none,,
PA_0033.png,MCQ1,mcq,"বর্তমান, মধ্য-শতাব্দী ও শতাব্দী-শেষ - এই তিন সময়ের মধ্যে কোন সময়ে শৈত্যপ্রবাহের দিন সংখ্যা সবচেয়ে কম?
ক) মধ্য-শতাব্দী (২০৪১-২০৭০)
খ) শতাব্দী-শেষ (২০৭১-২১০০)
গ) বর্তমান (১৯৮৫-২০১৪)
ঘ) সবগুলো সমান",খ) শতাব্দী-শেষ (২০৭১-২১০০),composite,False,"বর্তমান ৮.১ দিন, মধ্য-শতাব্দী ১.৯ দিন, শতাব্দী-শেষ ০.৬ দিন",filter_rank,M1a
PA_0003.png,lookup1,lookup,দেশে কতটি গ্যাসক্ষেত্রে উত্তোলনযোগ্য গ্যাস শেষ হয়ে গেছে?,৫টি,composite,False,উত্তোলনযোগ্য গ্যাস শেষ: ৫টি,,
PA_0003.png,ms1,multi_step_lookup,সর্বোচ্চ উত্তোলন হওয়া তিনটি অর্থবছরের মধ্যে সবচেয়ে কম উত্তোলন কোন অর্থবছরে হয়েছিল?,২০১৯-২০,composite,False,"৭৫,৩০০ (২০১৭-১৮), ৭২,৯০০ (২০১৮-১৯), ৭০,৪৫০ (২০১৯-২০)",filter_rank,
PA_0003.png,ms2,multi_step_lookup,গ্যাসক্ষেত্রের তথ্য সারণির সবচেয়ে নিচের সারিতে কোন তথ্য দেখানো হয়েছে?,উত্তোলনযোগ্য গ্যাস শেষ (৫টি),composite,False,"সারণির সারিক্রম: মোট গ্যাসক্ষেত্র ২৯টি, উৎপাদনে আছে ২০টি, উত্তোলন শুরু হয়নি ৪টি, উত্তোলনযোগ্য গ্যাস শেষ ৫টি",layout_position,
PA_0003.png,reasoning1,reasoning,দেশের মোট গ্যাসক্ষেত্রের মধ্যে কতটি ক্ষেত্র বর্তমানে উৎপাদনে নেই?,৯টি,composite,False,২৯ (মোট গ্যাসক্ষেত্র) - ২০ (উৎপাদনে আছে) = ৯,,
PA_0003.png,unanswerable1,unanswerable,২০২২-২৩ অর্থবছরে দেশের খনি থেকে কত পরিমাণ গ্যাস উত্তোলন হয়েছিল?,তথ্য নেই,composite,False,none,,
PA_0003.png,mcq1,mcq,সর্বোচ্চ উত্তোলন হওয়া তিনটি অর্থবছরের মধ্যে সবচেয়ে কম উত্তোলন কোন অর্থবছরে হয়েছিল?,গ) ২০১৯-২০,composite,False,"৭৫,৩০০ (২০১৭-১৮), ৭২,৯০০ (২০১৮-১৯), ৭০,৪৫০ (২০১৯-২০)",filter_rank,ms1
PA_0017.png,q1,lookup,জুলাই ২০২৫ সালে কতজনকে সীমান্ত থেকে ঠেলে পাঠানো হয়েছে?,৩২৭ জন,horizontal_bar_chart,False,জুলাই '২৫: ৩২৭,,
PA_0017.png,q2,multi_step_lookup,"১০০ জনের কম যাদের ঠেলে পাঠানো হয়েছে, এমন মাসগুলোর মধ্যে সর্বোচ্চ সংখ্যা কত?",৮৫ জন (ডিসেম্বর),horizontal_bar_chart,False,"সেপ্টেম্বর '২৫: ৮৩, অক্টোবর '২৫: ২৫, নভেম্বর '২৫: ১, ডিসেম্বর '২৫: ৮৫, জানুয়ারি '২৬: ১৭",filter_rank,
PA_0017.png,q3,multi_step_lookup,সবচেয়ে বেশি সংখ্যক মানুষ ঠেলে পাঠানো শীর্ষ তিন মাসের মধ্যে সর্বনিম্ন সংখ্যা কত?,৩২৭ জন (জুলাই),horizontal_bar_chart,False,"মে '২৫: ১,১৩৬; জুন '২৫: ৫৫৩; জুলাই '২৫: ৩২৭",filter_rank,
PA_0017.png,q4,reasoning,"সব মাস মিলিয়ে মোট যত জনকে ঠেলে পাঠানো হয়েছে, তার মধ্যে মে মাসের অংশ কত শতাংশ?",প্রায় ৪৫.৮%,horizontal_bar_chart,True,"মে '২৫: ১,১৩৬; মোট: ২,৪৭৯ জন; ভাগ = (১,১৩৬ ÷ ২,৪৭৯) × ১০০",,
PA_0017.png,q5,unanswerable,ফেব্রুয়ারি ২০২৬ সালে কতজনকে সীমান্ত থেকে ঠেলে পাঠানো হয়েছে?,তথ্য নেই,horizontal_bar_chart,False,none,,
PA_0017.png,q2_mcq,mcq,"১০০ জনের কম যাদের ঠেলে পাঠানো হয়েছে, এমন মাসগুলোর মধ্যে সর্বোচ্চ সংখ্যা কত?
ক) ৮৩ জন (সেপ্টেম্বর)
খ) ৮৫ জন (ডিসেম্বর)
গ) ২৫ জন (অক্টোবর)
ঘ) ১৭ জন (জানুয়ারি)",খ) ৮৫ জন (ডিসেম্বর),horizontal_bar_chart,False,"সেপ্টেম্বর '২৫: ৮৩, অক্টোবর '২৫: ২৫, নভেম্বর '২৫: ১, ডিসেম্বর '২৫: ৮৫, জানুয়ারি '২৬: ১৭",filter_rank,q2
PA_0012.png,L1,lookup,শারীরিক শিক্ষাকেন্দ্রে ভোটের হার কত ছিল?,৮৩%,table,False,শারীরিক শিক্ষাকেন্দ্র: ৮৩%,,
PA_0012.png,M1,multi_step_lookup,ছাত্রী কেন্দ্রগুলোর মধ্যে সর্বোচ্চ ভোটের হার কোন কেন্দ্রে ছিল?,টিএসসি কেন্দ্র,table,False,"টিএসসি কেন্দ্র: ৬৯%, ঢাকা বিশ্ববিদ্যালয় ক্লাব কেন্দ্র: ৬৭%, ভূতত্ত্ব বিভাগ কেন্দ্র: ৬৫%, ইউনিভার্সিটি ল্যাবরেটরি কেন্দ্র: ৬৫.২৫%",filter_rank,
PA_0012.png,M2,multi_step_lookup,"তালিকায় যে কেন্দ্রের ভোটের হার হিসাব পাওয়া যায়নি, তার ঠিক পরের কেন্দ্রের নাম কী?",উদয়ন স্কুল কেন্দ্র,table,False,সিনেট ভবন কেন্দ্র (হিসাব পাওয়া যায়নি) এর ঠিক পরের সারি: উদয়ন স্কুল কেন্দ্র,layout_position,
PA_0012.png,R1,reasoning,শারীরিক শিক্ষাকেন্দ্র এবং টিএসসি কেন্দ্রের ভোটের হারের মধ্যে পার্থক্য কত শতাংশ পয়েন্ট?,১৪%,table,False,"শারীরিক শিক্ষাকেন্দ্র: ৮৩%, টিএসসি কেন্দ্র: ৬৯%, বিয়োগ = ১৪%",,
PA_0012.png,U1,unanswerable,কার্জন হল কেন্দ্রে মোট কতজন ছাত্র ভোট দিয়েছেন?,তথ্য নেই,table,False,none,,
PA_0012.png,MCQ1,mcq,"ছাত্রী কেন্দ্রগুলোর মধ্যে সর্বোচ্চ ভোটের হার কোন কেন্দ্রে ছিল?
ক) ভূতত্ত্ব বিভাগ কেন্দ্র
খ) টিএসসি কেন্দ্র
গ) ঢাকা বিশ্ববিদ্যালয় ক্লাব কেন্দ্র
ঘ) ইউনিভার্সিটি ল্যাবরেটরি কেন্দ্র",খ) টিএসসি কেন্দ্র,table,False,"টিএসসি কেন্দ্র: ৬৯%, ঢাকা বিশ্ববিদ্যালয় ক্লাব কেন্দ্র: ৬৭%, ভূতত্ত্ব বিভাগ কেন্দ্র: ৬৫%, ইউনিভার্সিটি ল্যাবরেটরি কেন্দ্র: ৬৫.২৫%",filter_rank,M1
PA_0015.png,lookup1,lookup,সুদানের বিনিয়োগ ঝুঁকির মাত্রা কত শতাংশ?,৩০.৯ শতাংশ,table,False,সুদান: ৩০.৯ শতাংশ,,
PA_0015.png,filter_rank1,multi_step_lookup,৩০.৯ শতাংশ ঝুঁকিসম্পন্ন দেশগুলোর তালিকায় সবার শেষে কোন দেশ আছে?,ভেনেজুয়েলা,table,False,বেলারুশ: ৩০.৯ শতাংশ; লেবানন: ৩০.৯ শতাংশ; সুদান: ৩০.৯ শতাংশ; ভেনেজুয়েলা: ৩০.৯ শতাংশ,filter_rank,
PA_0015.png,layout1,multi_step_lookup,তালিকায় মিয়ানমারের ঠিক পরে কোন দেশটি আছে?,উত্তর কোরিয়া,table,False,মিয়ানমার এর পরের সারি: উত্তর কোরিয়া,layout_position,
PA_0015.png,mcq1,mcq,"৩০.৯ শতাংশ ঝুঁকিসম্পন্ন দেশগুলোর তালিকায় সবার শেষে কোন দেশ আছে?
ক) বেলারুশ
খ) সুদান
গ) লেবানন
ঘ) ভেনেজুয়েলা",ঘ) ভেনেজুয়েলা,table,False,বেলারুশ: ৩০.৯ শতাংশ; লেবানন: ৩০.৯ শতাংশ; সুদান: ৩০.৯ শতাংশ; ভেনেজুয়েলা: ৩০.৯ শতাংশ,filter_rank,filter_rank1
PA_0015.png,reason1,reasoning,সর্বোচ্চ ও সর্বনিম্ন ঝুঁকিপূর্ণ দেশের ঝুঁকির মাত্রার মধ্যে পার্থক্য কত শতাংশ পয়েন্ট?,১১.১ শতাংশ পয়েন্ট,table,False,৩০.৯ শতাংশ - ১৯.৮ শতাংশ = ১১.১ শতাংশ পয়েন্ট,,
PA_0015.png,unanswerable1,unanswerable,তালিকায় থাকা দেশগুলোর মধ্যে কোন দেশের মাথাপিছু আয় সর্বোচ্চ?,তথ্য নেই,table,False,none,,
PA_0021.png,lookup1,lookup,২০১৭ সালে ঢাকার বায়ুমান সূচক কত ছিল?,১৩৭,line_chart,False,২০১৭ সালের বায়ুমান সূচক ১৩৭,,
PA_0021.png,multistep_a,multi_step_lookup,২০১৫ সাল থেকে ২০২০ সালের মধ্যে সর্বনিম্ন বায়ুমান সূচক কোন বছরে ছিল?,২০১৭,line_chart,False,"২০১৫-১৬৩, ২০১৬-১৪৫, ২০১৭-১৩৭, ২০১৮-১৭৬, ২০১৯-১৮২, ২০২০-১৯৭",filter_rank,
PA_0021.png,multistep_b,multi_step_lookup,অস্বাস্থ্যকর (১৫১-২০০) শ্রেণীতে পড়া বছরগুলোর মধ্যে সর্বোচ্চ বায়ুমান সূচক কোন বছরে ছিল?,২০২০,composite,True,"১৫১-২০০ শ্রেণী: ২০১৫-১৬৩, ২০১৮-১৭৬, ২০১৯-১৮২, ২০২০-১৯৭",filter_rank,
PA_0021.png,reasoning1,reasoning,২০১৩ সাল থেকে ২০২০ সাল পর্যন্ত ঢাকার বায়ুমান সূচক কতটুকু বৃদ্ধি পেয়েছে?,৪৭,line_chart,False,২০২০ (১৯৭) - ২০১৩ (১৫০) = ৪৭,,
PA_0021.png,unanswerable1,unanswerable,২০২১ সালে ঢাকার বায়ুমান সূচক কত ছিল?,তথ্য নেই,line_chart,False,none,,
PA_0021.png,mcq1,mcq,২০১৫ সাল থেকে ২০২০ সালের মধ্যে সর্বনিম্ন বায়ুমান সূচক কোন বছরে ছিল?,খ) ২০১৭,line_chart,False,"২০১৫-১৬৩, ২০১৬-১৪৫, ২০১৭-১৩৭, ২০১৮-১৭৬, ২০১৯-১৮২, ২০২০-১৯৭",filter_rank,multistep_a
PA_0024.png,lookup1,lookup,এপিএম মুম্বাই টার্মিনালের মাশুল কত?,১০২.৬১,table,False,এপিএম মুম্বাই: ১০২.৬১,,
PA_0024.png,ms1,multi_step_lookup,বাংলাদেশের বন্দরগুলোর মধ্যে মাশুলের দিক থেকে দ্বিতীয় সর্বোচ্চ বন্দর কোনটি?,পায়রা বন্দর,table,False,"চট্টগ্রাম বন্দর: ১৭৩.৬৬, পায়রা বন্দর: ৮৭.২৩, মোংলা: ৮১.১২",filter_rank,
PA_0024.png,ms2,multi_step_lookup,ভারতের বন্দরগুলোর মধ্যে সর্বনিম্ন মাশুলযুক্ত বন্দর কোনটি?,ইনোর কন্টেইনার টার্মিনাল,table,False,"এপিএম পিপাভব: ১৩২.৩২, হলদিয়া আইসিটি: ১০৫.৬৯, এপিএম মুম্বাই: ১০২.৬১, ইনোর কন্টেইনার টার্মিনাল: ৮১.২৫",filter_rank,
PA_0024.png,reasoning1,reasoning,বাংলাদেশের তিনটি বন্দরের মাশুলের সমষ্টি কত?,৩৪২.০১,table,False,চট্টগ্রাম বন্দর: ১৭৩.৬৬ + পায়রা বন্দর: ৮৭.২৩ + মোংলা: ৮১.১২ = ৩৪২.০১,,
PA_0024.png,unans1,unanswerable,সিঙ্গাপুর বন্দরের মাশুল কত?,তথ্য নেই,table,False,none,,
PA_0024.png,mcq1,mcq,"বাংলাদেশের বন্দরগুলোর মধ্যে মাশুলের দিক থেকে দ্বিতীয় সর্বোচ্চ বন্দর কোনটি?
ক) চট্টগ্রাম বন্দর
খ) পায়রা বন্দর
গ) মোংলা
ঘ) মিয়ানমার ইন্টা. টার্মিনালস থিলাওয়া",খ) পায়রা বন্দর,table,False,"চট্টগ্রাম বন্দর: ১৭৩.৬৬, পায়রা বন্দর: ৮৭.২৩, মোংলা: ৮১.১২",filter_rank,ms1
PA_0009.png,lookup1,lookup,আইনজীবী পেশার প্রার্থীদের শতকরা হার কত?,১১%,pie_chart,False,আইনজীবী ১১%,,
PA_0009.png,multi1,multi_step_lookup,"যে পেশাগুলোর শতকরা হার ১০%-এর কম, তার মধ্যে সর্বনিম্ন শতাংশ কোনটি?",রাজনীতিবিদ,pie_chart,False,"কৃষক ও ব্যবসায়ী ৭%, পেশাজীবী ৬%, রাজনীতিবিদ ৪%",filter_rank,
PA_0009.png,multi2,multi_step_lookup,"যে পেশাগুলোর শতকরা হার ১০%-এর বেশি, তার মধ্যে দ্বিতীয় সর্বোচ্চ শতাংশ কোনটি?",অন্যান্য,pie_chart,False,"ব্যবসায়ী ৫৫%, অন্যান্য ১৭%, আইনজীবী ১১%",filter_rank,
PA_0009.png,reasoning1,reasoning,ব্যবসায়ী পেশার প্রার্থীর সংখ্যা কত?,৩৩০,pie_chart,False,"ব্যবসায়ী ৫৫%, মোট প্রার্থী ৬০০, ৫৫% × ৬০০ = ৩৩০",,
PA_0009.png,unanswerable1,unanswerable,কৃষক পেশার প্রার্থীর সংখ্যা কত?,তথ্য নেই,pie_chart,False,none,,
PA_0009.png,mcq1,mcq,"যে পেশাগুলোর শতকরা হার ১০%-এর কম, তার মধ্যে সর্বনিম্ন শতাংশ কোনটি?
ক) কৃষক ও ব্যবসায়ী
খ) পেশাজীবী
গ) রাজনীতিবিদ
ঘ) আইনজীবী",গ) রাজনীতিবিদ,pie_chart,False,"কৃষক ও ব্যবসায়ী ৭%, পেশাজীবী ৬%, রাজনীতিবিদ ৪%",filter_rank,multi1
PA_0023.png,lookup1,lookup,ঢাকা বোর্ডের পাসের হার কত শতাংশ?,৬৪.৬২,table,False,ঢাকা: ৬৪.৬২,,
PA_0023.png,multistep_a,multi_step_lookup,"যে বোর্ডগুলোর পাসের হার ৬০ শতাংশের বেশি, তাদের মধ্যে দ্বিতীয় সর্বোচ্চ পাসের হার কোন বোর্ডের?",ঢাকা,table,False,"মাদরাসা: ৭৫.৬১, ঢাকা: ৬৪.৬২, কারিগরি: ৬২.৬৭, বরিশাল: ৬২.৫৭",filter_rank,
PA_0023.png,multistep_b,multi_step_lookup,তালিকায় উপর থেকে সপ্তম স্থানে কোন বোর্ড রয়েছে?,বরিশাল,table,False,"তালিকার ক্রম: মাদরাসা, ঢাকা, কুমিল্লা, রাজশাহী, যশোর, চট্টগ্রাম, বরিশাল",layout_position,
PA_0023.png,reasoning1,reasoning,সর্বোচ্চ পাসের হার প্রাপ্ত বোর্ড এবং সর্বনিম্ন পাসের হার প্রাপ্ত বোর্ডের মধ্যে পাসের হারের পার্থক্য কত শতাংশ?,২৬.৭৫ শতাংশ,table,False,"মাদরাসা: ৭৫.৬১, কুমিল্লা: ৪৮.৮৬, বিয়োগ",,
PA_0023.png,unanswerable1,unanswerable,ছেলে ও মেয়েদের মধ্যে কোন গোষ্ঠীর পাসের হার বেশি ছিল?,তথ্য নেই,table,False,none,,
PA_0023.png,mcq1,mcq,"যে বোর্ডগুলোর পাসের হার ৬০ শতাংশের বেশি, তাদের মধ্যে দ্বিতীয় সর্বোচ্চ পাসের হার কোন বোর্ডের?
ক) মাদরাসা
খ) ঢাকা
গ) কারিগরি
ঘ) বরিশাল",খ) ঢাকা,table,False,"মাদরাসা: ৭৫.৬১, ঢাকা: ৬৪.৬২, কারিগরি: ৬২.৬৭, বরিশাল: ৬২.৫৭",filter_rank,multistep_a
PA_0002.png,q1,lookup,ভারতের আইনি অধিকার স্কোর কত?,৭৪,table,False,ভারত: আইনি অধিকার = ৭৪,,
PA_0002.png,q2,multi_step_lookup,আইনি অধিকার স্কোর ৭০-এর বেশি থাকা দেশগুলোর মধ্যে তৃতীয় সর্বোচ্চ স্কোর কোন দেশের?,ভারত,table,False,"নেপাল ৮০.৬, ভুটান ৭৫, ভারত ৭৪, মালদ্বীপ ৭৩.৮",filter_rank,
PA_0002.png,q3,multi_step_lookup,'পিছিয়ে থাকা ৫ দেশ' তালিকায় দ্বিতীয় স্থানে কোন দেশ আছে?,ইয়েমেন,table,False,"পিছিয়ে থাকা তালিকা: ফিলিস্তিন, ইয়েমেন, ইরান, আফগানিস্তান, সুদান",layout_position,
PA_0002.png,q4,reasoning,নেপাল ও বাংলাদেশের আইনি অধিকার স্কোরের মধ্যে পার্থক্য কত?,৩১.২,table,False,নেপাল ৮০.৬ - বাংলাদেশ ৪৯.৪ = ৩১.২,,
PA_0002.png,q5,unanswerable,বেলজিয়ামের আইনি ও বাস্তব অধিকার স্কোর কত?,তথ্য নেই,table,False,none,,
PA_0002.png,q2_mcq,mcq,আইনি অধিকার স্কোর ৭০-এর বেশি থাকা দেশগুলোর মধ্যে তৃতীয় সর্বোচ্চ স্কোর কোন দেশের?,গ) ভারত,table,False,"নেপাল ৮০.৬, ভুটান ৭৫, ভারত ৭৪, মালদ্বীপ ৭৩.৮",filter_rank,q2
PA_0007.png,lookup1,lookup,মধ্যবিত্ত পরিবারে বাল্যবিয়ের হার কত শতাংশ?,৫৫%,horizontal_bar_chart,False,মধ্যবিত্ত পরিবারে ৫৫%,,
PA_0007.png,ms1,multi_step_lookup,"যেসব পরিবারে বাল্যবিয়ের হার ৫৫% বা তার বেশি, তাদের মধ্যে সর্বনিম্ন হার কোন পরিবারে?",মধ্যবিত্ত পরিবারে,horizontal_bar_chart,False,"দরিদ্র পরিবারে ৬০%, মধ্যবিত্ত পরিবারে ৫৫%",filter_rank,
PA_0007.png,ms2,multi_step_lookup,"যেসব পরিবারে বাল্যবিয়ের হার ৫৫% এর কম, তাদের মধ্যে সর্বোচ্চ হার কোন পরিবারে?",উচ্চ মধ্যবিত্ত পরিবারে,horizontal_bar_chart,False,"উচ্চ মধ্যবিত্ত পরিবারে ৫৪%, উচ্চ বিত্ত পরিবারে ৫০%",filter_rank,
PA_0007.png,reason1,reasoning,দরিদ্র পরিবার ও উচ্চ বিত্ত পরিবারের মধ্যে বাল্যবিয়ের হারের পার্থক্য কত শতাংশ পয়েন্ট?,১০ শতাংশ পয়েন্ট,horizontal_bar_chart,False,দরিদ্র পরিবারে ৬০% বিয়োগ উচ্চ বিত্ত পরিবারে ৫০%,,
PA_0007.png,unans1,unanswerable,২০২৩ সালে সারাদেশে মোট কতজন বাল্যবিয়ের শিকার হয়েছে?,তথ্য নেই,horizontal_bar_chart,False,none,,
PA_0007.png,mcq1,mcq,"যেসব পরিবারে বাল্যবিয়ের হার ৫৫% বা তার বেশি, তাদের মধ্যে সর্বনিম্ন হার কোন পরিবারে?",খ) মধ্যবিত্ত পরিবারে,horizontal_bar_chart,False,"দরিদ্র পরিবারে ৬০%, মধ্যবিত্ত পরিবারে ৫৫%",filter_rank,ms1
PA_0031.png,lookup_max,lookup,চার্টে সর্বোচ্চ মান কত?,৩৫,bar_chart,False,সর্বোচ্চ কলামের মান ৩৫,,
PA_0031.png,lookup_fire,lookup,৫ আগস্টের আগুনের ঘটনায় যশোর জেলায় কতজনের মৃত্যু হয়েছে?,২৪,composite,False,"যশোরে ২৪ জন, অন্য ৪ জেলায় ১১ জন",,
PA_0031.png,rank_second,multi_step_lookup,"চার্টের সবচেয়ে বড় মানের কলামটি বাদ দিলে, বাকি কলামগুলোর মধ্যে সর্বোচ্চ মান কত?",৫,bar_chart,False,"৩৫ বাদে বাকি মানসমূহ: ৩, ১, ২, ৪, ২, ৫; এদের মধ্যে সর্বোচ্চ ৫",filter_rank,
PA_0031.png,pos_right2,multi_step_lookup,চার্টে ডান দিক থেকে দ্বিতীয় কলামের মান কত?,২,bar_chart,False,"ডান দিক থেকে ক্রম: ৫, ২, ৪, ২, ১, ৩, ৩৫; দ্বিতীয় মান ২",layout_position,
PA_0031.png,sum_total,reasoning,চার্টে দেখানো সবগুলো কলামের মান একসাথে যোগ করলে মোট কতজন হয়?,৫২,bar_chart,False,৩৫+৩+১+২+৪+২+৫=৫২,,
PA_0031.png,unans_district,unanswerable,পুলিশি তদন্তে প্রমাণ না পাওয়া ২৫ জনের মধ্যে কোন জেলার সংখ্যা সবচেয়ে বেশি?,তথ্য নেই,composite,False,none,,
PA_0031.png,mcq_rank_second,mcq,"চার্টের সবচেয়ে বড় মানের কলামটি বাদ দিলে, বাকি কলামগুলোর মধ্যে সর্বোচ্চ মান কত?
ক) ৪
খ) ৫
গ) ৩
ঘ) ২",খ) ৫,bar_chart,False,"৩৫ বাদে বাকি মানসমূহ: ৩, ১, ২, ৪, ২, ৫; এদের মধ্যে সর্বোচ্চ ৫",filter_rank,rank_second
PA_0001.png,q1,lookup,২০২৪-২৫ অর্থবছরে জানুয়ারি মাসে রপ্তানির পরিমাণ কত কোটি ডলার?,৪৪৮,table,False,জানুয়ারি'২৫: ৪৪৮ কোটি ডলার,,
PA_0001.png,q2,multi_step_lookup,২০২৪-২৫ অর্থবছরে কোন মাসে প্রবৃদ্ধির হার সবচেয়ে বেশি ছিল?,অক্টোবর'২৪,table,False,"প্রবৃদ্ধি হার তালিকা: জুলাই ২.৯৬, আগস্ট ৫.৬১, সেপ্টেম্বর ১৫.৪৩, অক্টোবর ২০.৬৫, নভেম্বর ১৫.৬৩, ডিসেম্বর ১৭.৭২, জানুয়ারি ৫.৭০, ফেব্রুয়ারি ২.৭৭, মার্চ ১১.৮৮, এপ্রিল ০.৮৬, মে ১১.৪৫ — সর্বোচ্চ অক্টোবর'২৪ (২০.৬৫%)",filter_rank,
PA_0001.png,q3,multi_step_lookup,২০২৪-২৫ অর্থবছরে কোন মাসে রপ্তানির পরিমাণ সবচেয়ে কম ছিল?,এপ্রিল'২৫,table,False,"২০২৪-২৫ মাসিক রপ্তানি: জুলাই ৩৮২, আগস্ট ৪০৩, সেপ্টেম্বর ৩৮০, অক্টোবর ৪১৩, নভেম্বর ৪১২, ডিসেম্বর ৪৬৩, জানুয়ারি ৪৪৮, ফেব্রুয়ারি ৩৯৭, মার্চ ৪২৫, এপ্রিল ২৯৯, মে ৪৭৪ — সর্বনিম্ন এপ্রিল'২৫ (২৯৯)",filter_rank,
PA_0001.png,q4,reasoning,২০২৪-২৫ অর্থবছরের জুলাই ও আগস্ট মাসের রপ্তানি মিলিয়ে মোট কত কোটি ডলার হয়েছিল?,৭৮৫ কোটি ডলার,table,False,জুলাই'২৪: ৩৮২ + আগস্ট'২৪: ৪০৩ = ৭৮৫,,
PA_0001.png,q5,unanswerable,২০২৫-২৬ অর্থবছরের জুন মাসের রপ্তানির পরিমাণ কত কোটি ডলার?,তথ্য নেই,table,False,none,,
PA_0001.png,q2_mcq,mcq,২০২৪-২৫ অর্থবছরে কোন মাসে প্রবৃদ্ধির হার সবচেয়ে বেশি ছিল?,গ) অক্টোবর'২৪,table,False,"প্রবৃদ্ধি হার তালিকা: জুলাই ২.৯৬, আগস্ট ৫.৬১, সেপ্টেম্বর ১৫.৪৩, অক্টোবর ২০.৬৫, নভেম্বর ১৫.৬৩, ডিসেম্বর ১৭.৭২, জানুয়ারি ৫.৭০, ফেব্রুয়ারি ২.৭৭, মার্চ ১১.৮৮, এপ্রিল ০.৮৬, মে ১১.৪৫ — সর্বোচ্চ অক্টোবর'২৪ (২০.৬৫%)",filter_rank,q2
